{
  "name": "U8glib-HAL",
  "keywords": "u8g, u8glib, arm, hal, lcd, tft, dogm, st7920, ssd1306, ssd1309, graphical, display, driver",
  "id": 1932,
  "description": "Unofficial repository for combined U8G and U8Glib-ARM with Marlin extensions",
  "repository":
  {
    "type": "git",
    "url": "https://github.com/MarlinFirmware/U8glib-HAL.git"
  },
  "version": "0.5.4",
  "authors":
  [
    {
        "url": null,
        "maintainer": false,
        "email": "u8glib@thinkyhead.com",
        "name": "Scott Lahteine"
    }
  ],
  "license": "BSD-2-Clause",
  "frameworks": "*",
  "platforms": "*",
  "headers": [ "U8glib-HAL.h" ]
}
